<?xml version="1.0" encoding="UTF-8"?>
<configuration>

    <appender name="STDOUT" class="ch.qos.logback.core.ConsoleAppender">
        <encoder>
            <pattern>%date{ISO8601} %-5level %logger{36} %X{sourceThread} - %msg%n</pattern>
        </encoder>
    </appender>

    <appender name="FILE" class="ch.qos.logback.core.rolling.RollingFileAppender">
        <File>log/afilinea.log</File>
        <rollingPolicy class="ch.qos.logback.core.rolling.TimeBasedRollingPolicy">
            <FileNamePattern>log/afilinea.log_%d{yyyy-MM-dd-a}.log</FileNamePattern>
        </rollingPolicy>
        <layout class="ch.qos.logback.classic.PatternLayout">
            <Pattern>%date{ISO8601} %-5level %logger{36} %X{sourceThread} - %msg%n</Pattern>
        </layout>
    </appender>

    <logger name="spray.can.server" level="ERROR"/>
    <logger name="spray.can.server.HttpServerConnection" level="OFF" />
    <logger name="com.sura.sessionmanager" level="ON" />

    <root level="DEBUG">
        <appender-ref ref="FILE" />
        <appender-ref ref="STDOUT" />
    </root>

</configuration>